,,ID,Shortcode,Username,"Profile ID",Video?,"Video View Count",Likes,Comments,"Date created",Caption,URL
1,,"ID: 2872101087979369185",CfbwLj0BfLh,olist.br,3568803493,no,0,45,32,"2022-06-30 14:59:11","Em diferentes pontos de vista, você pode analisar quais decisões ​​a serem tomadas são mais rentáveis, para que o resultado final seja o melhor e mais coerente possível com o objetivo declarado no escopo do projeto.

Assim, somente entendendo o problema de forma eficiente é possível agir sobre ele e obter como consequência um resultado efetivo. 

Esses 7 fatores explicativos favorecem as chances de decisões mais eficazes. Gostou? Compartilhe com um amigo.

#olist #oliststore #ecommerce #marketplaces #vendasonline",https://www.instagram.com/p/CfbwLj0BfLh
2,,"ID: 2872917814472146419",Cfep4fogP3z,olist.br,3568803493,no,0,119,55,"2022-07-01 18:01:53","A versão brasileira da Technology Review, plataforma de conteúdo de Tecnologia de Massachusetts (MIT) @mittechreviewbr divulgou a lista Innovate Workplaces, estudo que elenca as 20 empresas mais inovadoras do Brasil. 

A iniciativa teve o objetivo de desenvolver a cultura de tecnologia e inovação do universo corporativo brasileiro e fomos eleitos como uma das empresas mais inovadoras do Brasil.

Fonte: Valor Investe @valorinveste",https://www.instagram.com/p/Cfep4fogP3z
3,,"ID: 2873029252802357844",CffDOIqlypU,olist.br,3568803493,yes,4012,382,120,"2022-07-01 21:44:11","O olist vem construindo um ecossistema de transformação e inovação para lojistas e marcas de todo o Brasil! Reconhecemos a importância para nossa companhia e ao @teamolist por toda dedicação!

Estamos no caminho certo para fazermos da tecnologia, um recurso acessível para acelerar o crescimento do seu negócio on-line 🚀
.
.
#tecnologia #olist #tech #proudtobetech #premiação #inovação #reconhecimento",https://www.instagram.com/p/CffDOIqlypU
4,,"ID: 2876591821127344956",CfrtQU-FuM8,olist.br,3568803493,yes,1740,96,30,"2022-07-06 19:44:07","Em olist store, o CNPJ é necessário! Mais do que um requisito, com ele é possível ganhar novas oportunidades formalizando sua empresa e vender mais online 🚀🚀

Quer saber mais motivos para ter um CNPJ ou entender como cadastrar sua empresa? 

🎥 Assista o vídeo completo em nosso canal do Youtube e entre em nosso site. O link está na bio @olist.br 
.
.
#goolist #venderonline #dicasolist #ecommercebr #cnpj #cnpjmei #cnpjlojavirtual #lojaonline #empreededor #olist #marketplaces",https://www.instagram.com/p/CfrtQU-FuM8
5,,"ID: 2877174553652292655",CftxwM7POwv,olist.br,3568803493,no,0,52,41,"2022-07-07 14:59:16","Inovação que fala né? Percebemos constantemente a necessidade de mudar e se reinventar em nossa jornada. 

Conhecendo a metodologia fica muito mais fácil identificar as oportunidades e os caminhos para inovar, aproveitando o que for favorável ao sucesso do empreendimento.

Quando inovamos, percebemos oportunidades e caminhos para se desenvolver e o ecossistema do olist estará com você nessa jornada. Conheça mais através do link na bio.

 #ferramentadegestao #ferramentadegestão #venderonline #vendasonline #vendasonline #vendasonļine",https://www.instagram.com/p/CftxwM7POwv
6,,"ID: 2881455484806778913",Cf8_H8wAlAh,olist.br,3568803493,no,0,40,28,"2022-07-13 12:44:42","olist store está entre as maiores e mais confiáveis lojas nos marketplaces e por isso tem alta reputação..

Isso acontece porque juntos, lojistas e olist, mantemos uma operação ágil, com produtos de máxima qualidade e atendimento de ponta a ponta para o consumidor.

Logo, anunciar conosco em nossas lojas oficiais significa dar visibilidade máxima para os produtos e gerar mais oportunidades de venda. 

Conheça as demais soluções em nosso site, o link está na bio.",https://www.instagram.com/p/Cf8_H8wAlAh
7,,"ID: 2882255454429054425",Cf_1BChLQXZ,gabrielbollico,16126969,no,0,571,53,"2022-07-14 15:14:06","Se liga em quem apareceu por aqui, Tiago Dalvi, CEO da @olist.br 🚀

Bato papo de alto nível com o fundador de um dos unicórnios brasileiros 🦄

Bate papo incrível, gravamos um podcast sinistro, logo logo irá ao ar. 👊",https://www.instagram.com/p/Cf_1BChLQXZ
8,,"ID: 2882257704270449950",Cf_1hx2LE0e,olist.br,3568803493,no,0,71,24,"2022-07-14 15:18:34","Os vilões existem, mas ajudaremos você com o Fluxo de caixa. Olha só, controlar o fluxo de caixa implica em múltiplos benefícios, como o aumento da segurança financeira, a melhoria das decisões e o diagnóstico de padrões. 

Por isso, é importante contar com ótimas práticas e tecnologias de registro do fluxo de caixa. Combatendo os vilões com as soluções olist e @tinyerpoficial te da segurança e autonomia conhecendo seu negócio no detalhe. 

O Tiny é um ERP que centraliza as informações de uma empresa, inclusive as financeiras. Quando as contas a pagar e a receber estão corretamente cadastradas no Tiny, o usuário pode gerar o Fluxo de Caixa e entender todas as movimentações futuras da empresa. Com isso, as análises sobre o negócio são precisas e as decisões são mais assertivas. 

Conheça como olist e Tiny podem fazer diferença no seu dia-a-dia. Link ta na Bio!",https://www.instagram.com/p/Cf_1hx2LE0e
9,,"ID: 2883070974806519883",CgCucbDlPBL,olist.br,3568803493,yes,3704,270,67,"2022-07-15 18:14:58","Você já pensou na importância das parcerias para o crescimento do seu negócio? Aqui no Olist, nós levamos isso a sério! 

Nesta quinta-feira, Tiago Dalvi, o CEO aqui do Olist, participou do podcast Ecommerce Puro do @gabrielbollico 🚀

O episódio abordou ""A história de um grande unicórnio brasileiro e várias dicas para você que empreende"", e já está no ar para os empreendedores do mundo todo! 

📲 Acompanhe nossos stories, pois vamos divulgar o link por lá.
. 
.
#ecommerce #tecnologia #podcast #solucoes #olist #marketplaces #vendasonline #negocios",https://www.instagram.com/p/CgCucbDlPBL
10,,"ID: 2885241343499846996",CgKb7calEVU,olist.br,3568803493,no,0,71,65,"2022-07-18 18:06:32","Quer participar de um curso prático, rápido e acessível? Você chegou ao lugar certo! 🚀

Vem aí o #comofaz: Do físico para o virtual. Venha para a internet do jeito certo.

Nos dias 02, 03 e 04 de agosto, nós do olist + @vndaecommerce vamos apresentar um apanhado de conteúdos riquíssimos para você, empreendedor, que quer emponderar o seu comércio vendendo online.

As inscrições já estão abertas. Então corre no link da bio para se inscrever!

#comofaz #olist #vndaecommerce #aprendavenderonline #ecommercebr #vendanainternet #vendasonline",https://www.instagram.com/p/CgKb7calEVU
11,,"ID: 2885993159330339274",CgNG3zeF5nK,olist.br,3568803493,yes,2221,104,0,"2022-07-19 19:02:14","Vamos olhar para a saúde financeira da sua empresa com mais atenção? Compartilhamos dicas práticas para você colocar a mão na massa e fazer ajustes inteligentes nos processos e decisões que fazem parte do seu dia a dia.
Se você procura ferramentas para te ajudar com tudo isso, visite o nosso site e conheça o ecossistema de soluções olist.",https://www.instagram.com/p/CgNG3zeF5nK
12,,"ID: 2886730909503355369",CgPune3Fnnp,olist.br,3568803493,yes,3171,183,0,"2022-07-20 19:29:17","Está difícil encontrar fornecedores de qualidade? 🤯 Conseguimos te ajudar em mais este desafio! 

Entendemos como é difícil conseguir produtos bons e que agradem os consumidores. Por isso, te apresentamos uma lista gratuita com mais de 180 fornecedores para conferir e aproveitar! 🚀🚀

Tenha variedade e segurança em produtos na hora de vender online. Quer acessar sua lista? Confira o link na bio: @olist.br
.
.
#fornecedores #listadefornecedores #gratuito #dicasolist #venderonline #trend  #empreendedorismo #olist",https://www.instagram.com/p/CgPune3Fnnp
13,,"ID: 2887265034263659344",CgRoEBTsQNQ,olist.br,3568803493,no,0,32,0,"2022-07-21 13:07:15","Fórum E-commerce Brasil 2022: 26 e 27 de julho, em São Paulo. 

O maior evento de e-commerce da América Latina. Em sua 13ª edição, o evento contará pela primeira vez com todo o complexo Transamerica 🚀🚀

Aproveite 15% OFF na compra de ingresso com o código de desconto F22OLIST 💙

Veja a programação e garanta sua vaga em @ecommerce_br 
.
.

#ecommercebrasil #ecommerce #forumecbr2022 #forumecbr #venderonline #comovenderonline",https://www.instagram.com/p/CgRoEBTsQNQ
14,,"ID: 2887482321556425333",CgSZd93l0p1,olist.br,3568803493,yes,839,46,0,"2022-07-21 20:20:27","A 2ª edição do #comofaz vem aí! 🤓 Mas, que tal aproveitar o #tbt para lembrarmos da nossa 1ª edição? 

Em março de 2022, ensinamos sobre automatização de processos. E agora, estamos com as inscrições abertas para você aprender sobre vendas na internet! 🚀

O #comofaz acontecerá nos dias 02, 03 e 04 de agosto, totalmente ONLINE e GRATUITO! Inscreva-se e aprenda a como vir para internet do jeito certo.

O link está na nossa bio @olist.br - corre lá! 
.
.
#comofaz #vendernainternet #marketplaces #lojavirtual #tbt #curso #cursogratuito",https://www.instagram.com/p/CgSZd93l0p1
15,,"ID: 2888177088215449750",CgU3cJvgQCW,olist.br,3568803493,no,0,19,0,"2022-07-22 19:19:20","A venda online acontece sempre com antecedência da data comemorativa, então se prepare para este dia. Antecipe seu planejamento de vendas do Dia dos Pais, pois quanto mais atrativos estiverem os produtos, preço descrição e imagem, maiores serão as chances de vendê-los. Não se esqueça de:

✅ Pensar no processo de vendas online 
✅ Preços competitivos
✅ Estoque adequado
✅ Fretes atrativos
✅ Tenha produtos estratégicos

Preparamos uma lista de presentes em alta para ajudar seu cliente a encontrar o presente certo. Acesse o link da bio.",https://www.instagram.com/p/CgU3cJvgQCW
16,,"ID: 2890406023100996920",CgcyPbHlZ04,olist.br,3568803493,yes,1106,99,0,"2022-07-25 21:15:52","Quer trazer a sua empresa do físico para o virtual do jeito certo? Entender todos os segredos das vendas na internet? Nos dias 02, 03 e 04 de agosto, ensinamos #comofaz! 

Nosso curso 100% online e gratuito! Inscreva-se no link da bio e participe 🚀💙🧡
.
.
#curso #gratuito #vendasonline #vendernainternet #vendas #empreendedor #lojafisica #lojavirtual #ecommerce",https://www.instagram.com/p/CgcyPbHlZ04
17,,"ID: 2890869918678794033",Cgebt_itj8x,olist.br,3568803493,yes,1478,101,0,"2022-07-26 12:32:17","Começou o primeiro dia do maior evento de e-commerce da América Latina: Fórum ECBR 2022! 

E claro, o nosso ecossistema está presente! 🚀💙🧡 Quer escalar suas vendas e melhorar a gestão do seu negócio? Venha falar com a gente em nosso estande. Esperamos você! 
.
.
@ecommerce_br @tinyerpoficial @vndaecommerce #forumecbr22 #evento #ecossistema #olist #vendasonline",https://www.instagram.com/p/Cgebt_itj8x
18,,"ID: 2891083406283989600",CgfMQpXlWJg,olist.br,3568803493,yes,1753,115,0,"2022-07-26 19:37:24","O olist store trás para lojista sua alta reputação dentro @americanasmarketplace. Uma parceria que oferece benefícios como automatização de vendas e integrações com as nossas soluções dentro das três maiores marcas que compõe a Americanas Marketplace: Shoptime, Submarino e Americanas.
Conheça nosso ecossistema e venha liderar o ranking de vendas com a gente: @olist.br",https://www.instagram.com/p/CgfMQpXlWJg
19,,"ID: 2891086063694313406",CgfM3URlPe-,olist.br,3568803493,yes,652,32,0,"2022-07-26 19:43:10","O nosso parceiro @alexandrenogueira.uni também passou pelo nosso estande no Fórum ECBR 22! Ele contou sobre a experiência dele com Olist Store!

Venha nos visitar e conhecer nossas soluções! Ou acesse o link na bio @olist.br",https://www.instagram.com/p/CgfM3URlPe-
20,,"ID: 2891164758081705891",CgfeweIlpej,olist.br,3568803493,yes,1222,69,0,"2022-07-26 22:20:16","Você sabia que olist store é a maior loja oficial dentro do Mercado livre? 💙💛 

Conectamos lojistas para vender mais e melhor! Aqui no Fórum ECBR 22, o @andresantosplay conta pra gente sobre essa parceria que cresce cada vez mais. 

Vem com a gente! Confira mais no link da bio @olist.br 🚀🚀",https://www.instagram.com/p/CgfeweIlpej
21,,"ID: 2891195987218460104",Cgfl26iMO3I,olist.br,3568803493,no,0,290,0,"2022-07-26 23:17:21","Primeiro dia do Fórum ECBR ✅ 
Foi incrível nos conectarmos com tantas pessoas e levarmos mais sobre nosso ecossistema! 

Amanhã tem mais Olist, Tiny e Vnda no maior evento de e-commerce da América Latina! 

#forumecbr2022 #forum #ecommerce #marketplaces #erp #vendasonline #lojavirtual",https://www.instagram.com/p/Cgfl26iMO3I
22,,"ID: 2891589683826936543",Cgg_X9EsErf,olist.br,3568803493,yes,1050,82,0,"2022-07-27 12:22:29","Já estamos prontos ✅ Não deixe de visitar nosso estande no Fórum ECBR 22 e alavancar os seus negócios! 

Olist + Tiny + Vnda: o ecossistema completo para vender online! 🧡💙🚀
.
.
#forumecbr22 #ecommercebrasil #evento #vendasonline #marketplaces #lojavirtual #erp #gestao",https://www.instagram.com/p/Cgg_X9EsErf
23,,"ID: 2891733977573667293",CghgLtGNLHd,olist.br,3568803493,yes,1563,141,0,"2022-07-27 17:07:24","O olist é um ecossistema que integra soluções para lojistas que seguem no comércio varejista. 

Seja na transformação ou aprimoramento da sua loja física ou digital, nós conhecemos e entendemos as particularidades da rotina de vendas. 

Por isso, buscamos levar funcionalidades que, de fato,  mudem a rotina e a performance do seu negócio. 

Em nossa entrevista, o diretor de vendas do Olist, Alex Clein, conta mais sobre o ecossistema. 
.
.
#vendasonline #vendernainternet #marketplaces #lojavirtual #ecommerce #forumecbr22 #ecommercebrasil",https://www.instagram.com/p/CghgLtGNLHd
24,,"ID: 2891821608586322080",Cgh0G51liCg,olist.br,3568803493,yes,768,33,0,"2022-07-27 20:07:36","Jonata, nosso lojista, conta a experiência de poder vender mais e melhor com olist store. Ganhou agilidade, mais vendas e produtos com alta reputação nos marketplaces. Vem você também: @olist.br 

#reelsnegocios #vendasonlineparatodobrasil #goolist",https://www.instagram.com/p/Cgh0G51liCg
25,,"ID: 2891927161528943274",CgiMG5rPIKq,olist.br,3568803493,no,0,32,18,"2022-07-27 23:30:04","Você está se preparando para vender em datas como Black Friday e Natal? Então o primeiro desafio é o Dia dos Pais. Saiba como aproveitar o potencial máximo do segundo semestre num webinar exclusivo.

Convidamos @gabrielbollico , fundador da @siteshopb, uma das principais lojas virtuais do segmento de games e Fred Rodrigues, head de implementação do olist para te mostrar tudo o que você precisa saber para ter uma operação de SUCESSO em datas comemorativas.

Acesse o link na bio e faça sua inscrição.🚀

 #balckfriday #balckfriday2022 #blackfriday #blackfriday2022 #BlackFridaySale #blackfriday #blackfriday2022  #ecommercepuro #experts #lucroreal #ecommerce #negociopropio #vendasonline #shopb",https://www.instagram.com/p/CgiMG5rPIKq
26,,"ID: 2892679231724393906",Cgk3G9oFRWy,olist.br,3568803493,yes,1293,71,35,"2022-07-29 00:24:44","“Dia dos Pais: o grande teste para o segundo semestre”, nosso webinar especial com a participação do @gabrielbollico 

Esteja preparado para as grandes vendas dos próximos meses! Para garantir os cupons que citamos na live, acesse nossa bio @olist.br 🚀",https://www.instagram.com/p/Cgk3G9oFRWy
27,,"ID: 2893134207264104894",CgmejungiG-,olist.br,3568803493,yes,2089,113,0,"2022-07-29 15:28:50","Dia de escritório cheio! 🚀🚀 Nesta sexta-feira, o @ecommercepuro trouxe seus alunos para fazer uma imersão na sede do @olist.br. 

Na oportunidade, @gabrielbollico e nossos especialistas, apresentaram como Olist Store pode ajudá-los a alavancar suas vendas estando presente nos principais marketplaces do país.

✅ Muita troca, muito networking e muito aprendizado sobre uma rotina robusta e real no e-commerce! 
.
. 
#ecommerce #marketplaces #olist #vendasonline #vendernainternet #empreender",https://www.instagram.com/p/CgmejungiG-
28,,"ID: 2895456100878279765",CguufujlmRV,olist.br,3568803493,yes,986,48,42,"2022-08-01 20:22:40","Amanhã é o grande dia! 💙🧡 O #comofaz vai abordar conteúdos para vender no mundo virtual de forma simples e descomplicada, para você que quer vender online. 

🚀 Inscreva-se e aprenda na prática com nossos especialistas! O link está na bio: @olist.br",https://www.instagram.com/p/CguufujlmRV
29,,"ID: 2896230546867639777",CgxelZlrlXh,olist.br,3568803493,no,0,28,0,"2022-08-02 22:00:07","Você não conseguiu ver a aula? Tome nota do que você perdeu, mas atenção, dá tempo de se inscrever!

Tenha a oportunidade de aprender do jeito certo e se planejar para vender online.

Então corre e não perde nossa próxima aula. Link de inscrição na bio.

#ecommerce #olistdicas  #vendanainternet #vendasonline #empreendedorismo #lojaonline #comofaz",https://www.instagram.com/p/CgxelZlrlXh
30,,"ID: 2896955516785168435",Cg0DbGcFpAz,olist.br,3568803493,no,0,31,0,"2022-08-03 22:00:30","Nossa, quanto conteúdo legal na aula de hoje! Quem é aluno já sabe, no #comofaz desvendamos alguns segredos juntos. 

Quer iniciar vendas online? Então é necessário saber desde o início como começar! Ainda está em tempo de se inscrever e receber os materiais e assistir as aulas. 

Confira o link na bio @olist.br para não perde essa💙",https://www.instagram.com/p/Cg0DbGcFpAz
31,,"ID: 2897677313302105605",Cg2nin1FI4F,olist.br,3568803493,yes,962,32,0,"2022-08-04 22:19:57","Muita gente aprendendo e colocando em prática para chegar na próxima etapa e conquistar sua primeira venda online!

Se quer saber como foram as aulas e o que você pode aprender com a gente, ainda é possível se inscrever e assistir todo conteúdo, ter acesso as tarefas e materiais que enviamos por e-mail. O link está na bio: @olist.br 

#ecommerce #vendanainternet #vendasonline #empreendedorismo #plataformadeecommerce",https://www.instagram.com/p/Cg2nin1FI4F
32,,"ID: 2901252131503034070",ChDUXEuFU7W,olist.br,3568803493,no,0,44,14,"2022-08-09 20:17:07","As vendas online passam constantemente por transformação digital, na forma como se vende, na cultura e em tendências de produtos. 

Podemos juntos empoderar o comércio e fazer diferença quando o assunto é vender.

Conheça o olist store! No link da bio, temos soluções incríveis pra você. 💙

#olistdicas #goolist #empoweringcommerce #marketplaces #vendanainternet #comovenderonline",https://www.instagram.com/p/ChDUXEuFU7W
33,,"ID: 2901950577809762303",ChFzKziFyf_,olist.br,3568803493,yes,981,65,0,"2022-08-10 19:27:49","Quer entender o que tem impedido você de CRESCER nas vendas? Aqui no Olist, identificamos vários desafios todos os dias! ✅ E, por isso, chamamos os nossos produtos de “soluções” 

Acreditamos que todo desafio tem sim uma solução! Por isso, neste vídeo, apresentamos como resolver alguns desafios do e-commerce! 😎

E claro, se você ainda não vende na internet ou quer otimizar a sua rotina, conheça nossas soluções! Acesse o link na bio @olist.br
.
.
#ecommerce #empreendedor #desafios #empreender #vidadeempreendedor #marketplaces #venderonline",https://www.instagram.com/p/ChFzKziFyf_
34,,"ID: 2902736715715374685",ChIl6ngsu5d,olist.br,3568803493,no,0,30,0,"2022-08-11 21:26:43","Você já deve saber que ter bons fornecedores é fundamental para uma gestão saudável do seu negócio. 

Quando você não se limita em um único fornecedor, ganha oportunidades
para buscar melhores preços e formas de pagamentos. Usar precificação e margem de lucro para sair na frente.

Descobriu a vantagem de trabalhar com mais de um fornecedor? Baixe a lista grátis de fornecedores para e-commerce. Link do material na bio.

 #fornecedores #fornecedoresatacado #vendasonline #vendasonline #vendasonline📲 #olistdicas",https://www.instagram.com/p/ChIl6ngsu5d
35,,"ID: 2903262654350655876",ChKdgCCOoGE,tinyerpoficial,11198300429,no,0,40,0,"2022-08-12 14:51:40","Em entrevista para a @revistaclientesa Rogério Tessari, diretor executivo do Tiny, conta como a fusão das empresas @tinyerpoficial, @vndaecommerce e @olist.br vem construindo um ecossistema completo de soluções para democratizar o comércio digital, impactando lojistas e marcas em todo o país.

Acesse o link da bio para ler a matéria completa.

#Tinybyolist",https://www.instagram.com/p/ChKdgCCOoGE
36,,"ID: 2903426956485131686",ChLC28Ulv2m,olist.br,3568803493,yes,60764,1040,8,"2022-08-12 20:18:19","O app do olist store, é mais uma opção para você ter o seu negócio na palma da sua mão e acompanhar tudo o que acontece com as suas vendas. Fácil e intuitivo, você garante uma gestão com mais agilidade. 

📲Conheça mais sobre pelo vídeo no YouTube. O link está na nossa bio: @olist.br 
.
.
#app #aplicativo #store #olist #marketplaces #ecommerce",https://www.instagram.com/p/ChLC28Ulv2m
37,,"ID: 2906225441632117698",ChU_KQtr2PC,olist.br,3568803493,yes,32649,2132,109,"2022-08-16 16:59:09","Quer descobrir como o preço dos seus produtos podem atrair mais vendas? 🚀🤑

Conheça a ferramenta de competitividade do olist store! Com ela, você consegue, de forma rápida, saber se o valor do seu produto está muito alto e deixá-lo mais competitivo para vender mais. 

Acesse o nosso site e conheça mais! O link está na bio @olist.br
.
.
#competitividade #tecnologia #precificacao #preço #marketplaces #vendasonline",https://www.instagram.com/p/ChU_KQtr2PC
38,,"ID: 2907024769705838093",ChX06A_lAYN,olist.br,3568803493,no,0,53,94,"2022-08-17 19:26:19","A best friday já começou! Estamos há 100 dias para o melhor dia do ano. Agora, o melhor caminho para garantir o sucesso nas vendas é focar no planejamento estratégico e colocar a mão na massa. E para isso, o Olist possui o ecossistema completo de soluções, para garantir competitividade, eficiência, credibilidade e agilidade, do início ao fim.

Tudo isso com olist store + @tinyerpoficial + @vndaecommerce + olist full

Vamos para o próximo capítulo juntos? Conheça nossas soluções no link da bio.
.
.
#bestfriday22 #omelhordiadoano",https://www.instagram.com/p/ChX06A_lAYN
39,,"ID: 2907034398208911133",ChX3GIPFWcd,olist.br,3568803493,no,0,73,181,"2022-08-17 19:45:27","best friday com foco total na competitividade dos seus produtos? 

Se você busca uma ferramenta para vender mais, o que oferecemos vai muito além disso.

Com olist store, tenha infraestrutura e tecnologia do planejamento estratégico ao gerenciamento das vendas, garantindo competitividade no melhor dia do ano!

Quer fazer diferente na best friday? Aposte em olist store e faça suas vendas acontecerem nos maiores marketplaces do Brasil 🚀
.
.
#bestfriday22 #omelhordiadoano",https://www.instagram.com/p/ChX3GIPFWcd
40,,"ID: 2907035939137541887",ChX3cjVllb_,olist.br,3568803493,yes,1829,117,180,"2022-08-17 19:49:21","Aumente o seu potencial de vendas na best friday com olist store. Acesse o link da bio @olist.br e saiba mais.
.
.
#bestfriday22 #omelhordiadoano",https://www.instagram.com/p/ChX3cjVllb_
41,,"ID: 2907722047327103842",ChaTcvYgOti,olist.br,3568803493,no,0,38,0,"2022-08-18 18:31:41","Já imaginou ter seus produtos vendidos simultaneamente nos maiores marketplaces e ganhar velocidade vendendo mais e melhor? Então o olist store é pra você. 

Listamos os principais perfis de lojistas que precisam atrair novos clientes e têm muito a ganhar no olist store, confira!

Precisa de especialistas para tirar todas as suas dúvidas para vender online? Acesse o link da bio, te esperamos lá. 💙
.
.
.
.
 #ecommerce #ecommercebr #ecommercebrasil #vendaonline #vendaonline📲 #vendaonlineparatodobrasil #empreender #empreendedor #empreendedorismo #empreendedorismo #empreendedorismofeminino #olistdicas #olist",https://www.instagram.com/p/ChaTcvYgOti
42,,"ID: 2908289086453029994",ChcUYPuLZxq,olist.br,3568803493,yes,1163,75,13,"2022-08-19 13:19:55","“Fora da lista de produtos mais vendidos, existe um grande potencial de oportunidades para melhorar a experiência do consumidor”, diz Dalvi - CEO do olist. Estamos transformando negócios de todos os tamanhos em gigantes no e-commerce! Conheça mais em: @olist.br",https://www.instagram.com/p/ChcUYPuLZxq
43,,"ID: 2910519723344611399",ChkPkSNuUhH,olist.br,3568803493,no,0,43,0,"2022-08-22 15:10:10","Nos vemos no Melixp 2022! 

No dia 31 de agosto, o espaço Transamérica em São Paulo recebe esse importante evento de e-commerce, idealizado pelo Mercado Livre, com foco no crescimento das vendas no marketplace.

Já garantimos nosso espaço para receber você por lá. Use o código OLIST10, garanta seu ingresso no @melixpbrasil com desconto e visite nosso stand para conhecer as novidades do @tinyerpoficial e de olist store.

#olist #Tinybyolist #melixp22 #empreendedorismo",https://www.instagram.com/p/ChkPkSNuUhH
44,,"ID: 2910697265016577049",Chk372yA5wZ,olist.br,3568803493,no,0,42,22,"2022-08-22 21:02:54","Ter somente o preço competitivo não funciona na best friday. Seus produtos precisam estar em destaque em diversos canais para vender mais. 

O olist store é competitividade, atrelando exposição de produtos com diversos recursos como:
 
✅ Ajuda seu negócio no desenvolvimento de um catálogo de produtos atraente e otimizado.

✅ Analisa os valores cobrados pela concorrência para precificar seu portfólio.

✅ Contribui na gestão operacional e oferece toda a tecnologia que só uma plataforma de renome nacional como o olist pode oferecer.

Ganhe tempo para #omelhordiadoano. Acesse o link na bio.

#bestfriday22 #empreendedorismo #oliststore",https://www.instagram.com/p/Chk372yA5wZ
45,,"ID: 2913424067370636751",Chuj8DXs1XP,olist.br,3568803493,yes,2332,159,35,"2022-08-26 15:23:27","Na última quarta-feira (24/08), o escritório do Olist, em Curitiba, recebeu o encontro Product Camp Pocket! Na oportunidade, tivemos um conteúdo muito enriquecedor em parceria com a @productcampbr , dentro de casa. Com muita troca, os convidados Diogo Becker, gerente de produto do @nubank , e Filipe Tardelli, CPO da @sledzeroatrito , falaram sobre a performance voltada para o produto e pessoas. O CPO do Olist, Amilton Paglia, e nosso diretor de produto, ZeRo, também apresentaram como o ecossistema olist se importa em investir em tecnologia para desenvolvimento de seus produtos e dos olisters - nossos colaboradores.

Acreditamos que um time forte, com foco em carreira e resultados, é capaz de construir um produto tecnológico, inteligente e capaz de transformar a realidade do e-commerce brasileiro. Estamos dispostos a fazer acontecer - e fazemos!
. 
.
#evento #produto #productdesign #productcamp #productteam #nubank #sled #olist #pcamp22",https://www.instagram.com/p/Chuj8DXs1XP
46,,"ID: 2916371176240471707",Ch5CCIZAF6b,olist.br,3568803493,no,0,29,0,"2022-08-30 16:55:57","Comemoramos o Dia do Lojista, um profissional essencial ao varejo e para o crescimento da sua empresa. Afinal, é o lojista que mantém contato direto com o cliente e proporciona boas experiências.

Como você pode desenvolver o lojista em seu negócio? Confira aqui:

✅ Reconheça e valorize as conquistas do lojista oferecendo um elogio ou algum benefício para mantê-lo sempre engajado.

✅ Crie um ambiente saudável, motivador, ouvir sugestões e saber realizar criticas construtivas é essencial.

✅ Invista em capacitação e treinamentos para preparar o lojista e trazer resultados cada vez melhores para o seu negócio. Conheça o blog olist, mantenha o lojista atualizado e receba todos os conteúdos em primeira mão.

Agora é hora de colocar as dicas em prática! Confira nosso blog. Link na bio.

#olistdicas #goolist #ecommerce #diadolojista #vendernosmarketplaces #comovenderonline #vendasnainternet #lojistas #lojanainternet",https://www.instagram.com/p/Ch5CCIZAF6b
47,,"ID: 2917024300931782431",Ch7WiWKOJcf,olist.br,3568803493,yes,2116,129,12,"2022-08-31 14:34:35","O @melixpbrasil começou! 🚀 Acompanhe a cobertura em @olist.br e fique por dentro de tudo o que está rolando no evento. Vamos trazer especialistas, dicas e novidades sobre @olist.br e @tinyerpoficial e @mercadolivre. 💙

Também está pelo evento? Não deixe de visitar nosso estande.
.
.
#olistmelixp #tinymelixp #olist #tiny #mercadolivre #marketplaces #erp",https://www.instagram.com/p/Ch7WiWKOJcf
48,,"ID: 2917164666082989807",Ch72c7ZMpbv,olist.br,3568803493,yes,1140,67,12,"2022-08-31 19:13:57","No @melixpbrasil, estamos conhecendo as histórias dos nossos lojistas, e o André é um deles. Depois de alguns anos, ele voltou para o olist store e se surpreendeu com nossa solução.
Quer conhecer também? Acesse o link em nossa bio @olist.br
.
.
#olistmelixp #tinymelixp #mercadolivre #olist #marketplaces #ecommerce #lojista",https://www.instagram.com/p/Ch72c7ZMpbv
49,,"ID: 2917222655681914730",Ch8DoyapGdq,olist.br,3568803493,yes,1387,58,0,"2022-08-31 21:08:44","O time da @mascoteentrega veio visitar o nosso estande no @melixpbrasil para compartilhar a experiência com olist store! Competitvidade, eficiência e agilidade nas vendas dentro dos marketplaces 🚀

Quer fazer parte também? Acesse nosso site, o link está na bio @olist.br 
.
.
#olistmelixp #tinymelixp #marketplaces #olist #mercadolivre #competitividade",https://www.instagram.com/p/Ch8DoyapGdq
50,,"ID: 2917296572900520120",Ch8UcbMMzC4,olist.br,3568803493,no,0,166,22,"2022-08-31 23:34:33","Após um dia incrível de muitas trocas com vendedores do Mercado Livre, clientes, amigos e parceiros do @tinyerpoficial e do @olist.br, fizemos parte de mais uma edição do @melixpbrasil! 🚀

Adoramos conhecer as histórias de lojistas e poder participar do desenvolvimento dos seus negócios. Nos próximos dias, teremos muito mais conteúdos sobre o evento! 💙

Tiny, olist e Mercado Livre juntos, construindo a história do e-commerce. 
.
.
#tinymelixp #tinymelixp #olist #tinyerp #marketplaces #ecommerce",https://www.instagram.com/p/Ch8UcbMMzC4
51,,"ID: 2917724490180645444",Ch91vcNrNJE,olist.br,3568803493,yes,4342,179,28,"2022-09-01 13:46:15","No @melixpbrasil, o Léo @mantovan contou a sua experiência sendo lojista junto com olist store, e
como é ter oportunidade de anunciar os seus produtos ganhando competitividade! 🚀💙

Quer saber mais acesse: @olist.br
.
.
#olistmelixp #tinymelixp #mantovan #vendasonline #marketplaces #empreendedorismo #competitividade",https://www.instagram.com/p/Ch91vcNrNJE
52,,"ID: 2918476258029207533",CiAgrGlPf_t,olist.br,3568803493,yes,2122,136,16,"2022-09-02 15:16:14","No @melixpbrasil, trouxemos de perto como funciona o olist store, através de especialistas e demonstrações da plataforma. Bruna, nossa especialista, conta como olist store te posiciona no mercado digital através de vendas online. Conheça mais sobre olist store: @olist.br

#olistmelixp 
#tinymelixp 
#melixp22",https://www.instagram.com/p/CiAgrGlPf_t
53,,"ID: 2921345499103423830",CiKtEDkPu1W,olist.br,3568803493,yes,2445,75,19,"2022-09-06 13:42:07","Vença os desafios diários do e-commerce com o ecossistema Olist! Tenha competitividade nos marketplaces com @olist.br e garanta eficiência na sua rotina com o ERP do @tinyerpoficial 🚀 

Conheça as nossas soluções de ponta a ponta! É só clicar no link da bio 💙 
.
.
#erp #marketplaces #ecommerce #olist #bestfriday22 #omelhordiadoano",https://www.instagram.com/p/CiKtEDkPu1W
54,,"ID: 2922857180588564195",CiQEx6qLl7j,olist.br,3568803493,no,0,31,0,"2022-09-08 15:42:29","Nosso ecossistema para digitalizar seu negócio e vender online é o mais completo!

Contamos com recursos tecnológicos para você ganhar performance de vendas, gerir todo o fluxo do seu produto e ter presença online com a sua loja própria.

Conheça nossas soluções com: @tinyerpoficial e @vndaecommerce 💙
.
.
.

#venderonline 
#empreendedorismodigital 
#lojaonline",https://www.instagram.com/p/CiQEx6qLl7j
55,,"ID: 2926436124231258048",CicyiZqrM_A,olist.br,3568803493,no,0,25,18,"2022-09-13 14:13:13","Fazer o fechamento do estoque é essencial para saber quantos produtos estão disponíveis para venda, calcular o tempo médio em que um item é vendido e deve ser reposto. Isso é importante para planejar novas compras de materiais e, assim, atender a demanda dos seus clientes.

Para facilitar a gestão do seu estoque, nosso time desenvolveu o relatório de estoque, no qual é possível selecionar todos os seus produtos ou personalizar as mercadorias que gostaria de visualizar. Basta acessar a página de produtos e exportar para o e-mail os itens que gostaria de analisar em seu relatório. Confira mais novidades no link da bio.

#ecommerce #vendanainternet #vendasonline #empreendedoresbrasil #plataformadeecommerce #olist",https://www.instagram.com/p/CicyiZqrM_A
56,,"ID: 2928027391085147472",CiicWYaPnVQ,olist.br,3568803493,yes,3441,124,18,"2022-09-15 18:55:42","Para o melhor dia do ano garanta competitividade com olist store nos maiores marketplaces do Brasil. 

Conheça nossas soluções em @olist.br 

#omelhordiadoano
#bestfriday22",https://www.instagram.com/p/CiicWYaPnVQ
57,,"ID: 2928606182152687023",Cikf85mOU2v,olist.br,3568803493,yes,675,43,16,"2022-09-16 14:12:22","olist store escala o seu negócio em canais de venda no digital, onde o lojista ganha performance. 

Em entrevista com a @revistaclientesa, Rogério Tessari, diretor executivo da @tinyerpoficial, explica como olist traz a proposta de democratizar o e-commerce agregando valor. 

Quer vender online com alta tecnologia? Acesse: @olist.br 

#ecommerce #empreendedorismo #transformacaodigital #negociosdigitais #venderonline",https://www.instagram.com/p/Cikf85mOU2v
58,,"ID: 2931011946846173650",CitC9YkMTnS,olist.br,3568803493,no,0,46,15,"2022-09-19 21:44:33","Em busca dos melhores produtos para aumentar o seu faturamento com vendas online? 

Pode parar de procurar, nós separamos 5 categorias que vai vender muito na bestfriday.

Se você faz parte dessas top 5 categorias, você tem grandes chances de ser COMPETITITVO na Best Friday! Vem para olist store. 

#bestfriday22 #omelhordiadoano #comovenderonline #vendermaisonline",https://www.instagram.com/p/CitC9YkMTnS
59,,"ID: 2931727840476612600",CivlvAdu0f4,olist.br,3568803493,no,0,20,20,"2022-09-20 21:26:54","Acompanhar os produtos em falta no estoque do seu negócio garante que não sejam vendidos itens que não poderão ser entregues algo que impacta diretamente sua credibilidade com os clientes. Para que você possa ter um bom planejamento de reposição destes itens, é importante saber o motivo da falta de estoque.

Agora, em sua tela de produtos, você verá uma sessão de itens sem estoque para que saiba quantas mercadorias estão em falta. Essa área estará em destaque ao lado dos produtos disponíveis para venda.

Além disso, ao zerar um produto em seu estoque, agora é possível preencher o motivo da falta do item, seja porque saiu de linha, por falta de produto no fornecedor, falta de capital ou outro motivo. Assim, fica mais fácil controlar e identificar quais produtos terão reposição e se planejar. Vem conhecer mais sobre a nossa plataforma, acesse o link na bio.

#ecommerce #empreendedorismo #vendanainternet #vendasonline #plataformadeecommerce",https://www.instagram.com/p/CivlvAdu0f4
60,,"ID: 2933095950550530045",Ci0czoQs3f9,olist.br,3568803493,yes,604,44,16,"2022-09-22 18:45:24","O mercado está se aquecendo para o melhor dia do ano. Para isso, uma estratégia é apostar em inteligência, tecnologia e reputação para ter mais competitividade dentro dos maiores sites de compra do Brasil. E sabe como tudo isso é possível? Com olist store.

Conheça mais sobre a nossa solução pelo link da bio e prepare-se para a best friday.

#omelhordiadoano 
#bestfriday22 
#vendasonline
#plataformadeecommerce",https://www.instagram.com/p/Ci0czoQs3f9
61,,"ID: 2933676347332844835",Ci2gxg4vV0j,olist.br,3568803493,yes,1065,42,14,"2022-09-23 14:01:21","O ecossistema é formando por soluções multiplataformas, unidas para democratizar a digitalização dos negócios. Quando falamos de competitivide e eficiência, trazemos olist store e Tiny como protagonistas.

Enquanto olist store oferece oportunidades no e-commerce através de inteligência, reputação e tecnologia, Tiny está nos bastidores do negócio, cuidando de todas as etapas essenciais para a eficiência das vendas, do recebimento dos pedidos até as entregas.

Confira a entrevista completa com Rogério Tessari, diretor executivo do @tinyerpoficial em @revistaclientesa.

#Tinybyolist #oliststore #ecommerce #vendasoline #vendasnainternet",https://www.instagram.com/p/Ci2gxg4vV0j
62,,"ID: 2934424897879893270",Ci5K-W6MWUW,olist.br,3568803493,no,0,32,25,"2022-09-24 14:45:29","Que as vendas pela internet vieram para ficar você já sabe, mas você também sabe como se destacar e atrair clientes para o melhor dia do ano? 

Para sair na frente dos seus concorrentes e garantir ótimos resultados nas vendas é fundamental começar a se preparar desde já. Portanto, além de acertar na precificação dos seus produtos, pensar em estratégias de atração de clientes é essencial. 

Com a inteligência de olist store, você consegue direcionar seus produtos de acordo com cada segmento e nicho dentro dos marketplaces, contando com grande visibilidade da nossa loja oficial. Conheça mais no link da bio.",https://www.instagram.com/p/Ci5K-W6MWUW
63,,"ID: 2936106783674002328",Ci_JZBHgOuY,olist.br,3568803493,yes,1095,59,130,"2022-09-26 22:27:47","Faltam 60 dias para a best friday! ⏰ Os dias passam muito rápido e os nossos lojistas já estão se preparando para o melhor dia do ano com as soluções do ecossistema olist. 🚀

E claro, ainda dá tempo de se planejar e vender bem na data mais importante do e-commerce! Confira o checklist completo e saiba o que fazer no seu negócio. O link está na bio: @olist.br e @tinyerpoficial.
.
.
#bestfriday #melhordiadoano #blackfriday #checklist #empreendedor #ecommerce",https://www.instagram.com/p/Ci_JZBHgOuY
64,,"ID: 2937329127863066593",CjDfUd2r5_h,olist.br,3568803493,yes,1075,63,0,"2022-09-28 14:57:20","Você vende online e ainda não conhece os pilares de planejamento e execução para vender no período da best friday? 📌 Preparamos 10 dicas para você ter alto volume de vendas no melhor dia do ano! Confira o que está faltando por aí e adapte sua estratégia de vendas 🚀

E não se esqueça, conte sempre com o ecossistema com as melhores soluções para vender bem do início ao fim: @olist.br e @tinyerpoficial 
,
.
#bestfriday22 #blackfriday #melhordiadoano #vendasonline #ecommerce #dicasecommerce #viral #trend",https://www.instagram.com/p/CjDfUd2r5_h
65,,"ID: 2938881528617899802",CjJAS3uOhca,olist.br,3568803493,no,0,33,0,"2022-09-30 18:20:00","O que os consumidores mais procuram na best friday? PREÇO! 💰🤑 A precificação dos produtos anunciados precisa de atenção e muito cuidado. Afinal, o lojista deve vender com qualidade e proporcionar uma excelente experiência para quem compra. 

O olist store, além de ter ferramentas para trazer preços competitivos, oferece alta reputação e gera oportunidade para vender em mais canais nos marketplaces.

🚀 Ganhe competitividade no #omelhordiadoano. Aumente o seu potencial de vendas na best friday com olist store. Acesse o link na bio! @olist.br 
.
.
#bestfriday #melhordiadoano #blackfriday2022 #ecommerce #precificacao #promoções",https://www.instagram.com/p/CjJAS3uOhca
66,,"ID: 2941144082374624828",CjRCvXHLoY8,olist.br,3568803493,no,0,23,16,"2022-10-03 21:15:18","Quer entender como ter uma operação de vendas robusta e tecnológica na melhor sexta-feira do ano? 🤓 Preparamos um guia COMPLETO e GRATUITO para os lojistas conhecerem e aperfeiçoarem as estratégias para a best friday!
 
Então, já salva esse post para não esquecer! Confira todas informações, dicas e lista para ter sucesso nas vendas! Acesse o guia no link da bio.🚀
.
.
#bestfriday22 #omelhordiadoano #blackfriday #vendasonline #marketplaces #ecommerce #dicasecommerce #materialgratuito #guia",https://www.instagram.com/p/CjRCvXHLoY8
67,,"ID: 2942536427549342812",CjV_Upmubxc,olist.br,3568803493,yes,772,67,22,"2022-10-05 19:23:38","Na última terça-feira, realizamos o evento “Vamos Juntos?” em nosso escritório de Curitiba. Na oportunidade, tivemos um encontro muito importante com nossos lojistas para trocar conhecimentos e experiências do ecossistema olist 🚀💙

Aqui, os empreendedores conseguem trabalhar de forma inteligente com alta tecnologia, desde o primeiro dia. Muito mais do que vender online somos parceiros dos nossos lojistas! 

Venha também para o olist, venha para o futuro do e-commerce! Clique no link da bio para conhecer nossas soluções: @olist.br
.
.
#eventos #ecommerce #marketplaces #lojavirtual #empreendedorismo",https://www.instagram.com/p/CjV_Upmubxc
68,,"ID: 2943308691811461913",CjYu6kvvesZ,olist.br,3568803493,yes,1563,137,18,"2022-10-06 20:57:48","Afinal, o que é o “Vamos Juntos”? A primeira edição do evento, reuniu alguns dos maiores clientes de olist store em nosso escritório de Curitiba. Na oportunidade, além de conhecer nossa estrutura, os lojistas tiveram orientações, dicas e novidades sobre a Best Friday. O ecossistema olist também foi apresentado em detalhes, destacando @tinyerpoficial e @vndaecommerce 

Os próximos encontros já estão sendo planejados e as expectativas são altas. Até porque, quando vamos juntos, vamos mais longe! 🚀
.
.
#ecommerce #marketplaces #blackfriday #evento #olist #tinyerp #vndaecommerce",https://www.instagram.com/p/CjYu6kvvesZ
69,,"ID: 2944020805047559391",CjbQ1L4OCTf,olist.br,3568803493,no,0,36,18,"2022-10-07 20:30:50","Com a Copa do Mundo chegando, as vendas online no mês de novembro certamente vão aumentar! Inclusive, as categorias de Eletrônicos, Supermercado e Bebidas estão entre as que devem ter maior crescimento. 

Para ajudar você a aproveitar todo esse potencial, o olist reuniu nesta lista 400 produtos que têm altas chances de venda na data. São itens de 11 categorias diferentes, com grande relevância no e-commerce brasileiro.

Faça o download da sua lista gratuita no link da bio: @olist.br ou @tinyerpoficial 
.
.
#bestfriday22 #omelhordiadoano #blackfriday #olist #tinyerp #vndaecommerce",https://www.instagram.com/p/CjbQ1L4OCTf
70,,"ID: 2946880722989333211",CjlbGeBObrb,olist.br,3568803493,yes,579,44,20,"2022-10-11 19:13:39","Quando pensamos em vender mais e melhor na best friday, a primeira ação que devemos tomar é a preparação para o melhor dia do ano! Mas, por onde começar? 🧐

Aqui vão 5 dicas que te direcionam, desde a escolha dos produtos e cadastro, até preparação com fornecedores e reputação para performar em suas vendas 🔥 

No link da bio, você encontra o melhor checklist de preparação para a best friday! Baixe e faça acontecer do jeito certo.
.
.
.
#bestfriday22
#omelhordiadoano
#checklistblackfriday
#vendasonline",https://www.instagram.com/p/CjlbGeBObrb
71,,"ID: 2948382872450208938",CjqwpnuPZSq,olist.br,3568803493,yes,593,44,14,"2022-10-13 21:02:14","Durante o mês de setembro, o time de olist store trabalhou para melhorar ainda mais nossa solução. Entre as novidades, está o cadastro de multi contatos, uma facilidade no dia a dia dos empreendedores. 

Confira todas as novidades em nosso artigo! O link está na bio @olist.br 
.
.
#cadastro #marketplaces #oliststore #olist #novidade",https://www.instagram.com/p/CjqwpnuPZSq
72,,"ID: 2948994577428421677",Cjs7vGYLJwt,olist.br,3568803493,no,0,65,19,"2022-10-14 17:12:50","Para o sucesso da sua best friday, foque na criação de anúncios incríveis para os seus produtos. Olist e Tiny trazem esse guia prático para ajudar você nesta missão.

Sabia que você pode conectar olist store e Tiny ERP para ganhar mais eficiência e competitividade com seus anúncios? Conheça nossas soluções integradas pelo link da bio @tinyerpoficial e @olist.br 
.
.
#bestfriday22  #omelhordiadoano #blackfriday #anúncios #promoções #marketplaces #vendasonline",https://www.instagram.com/p/Cjs7vGYLJwt
73,,"ID: 2952016050571311485",Cj3qvUhjfl9,tinyerpoficial,11198300429,yes,891,40,28,"2022-10-18 21:16:59","Quer aprender mais dicas para o melhor dia do ano? Confira o nosso Tiny Class especial de best friday a partir do nosso canal no Youtube.

A especialista Lara Botão, do @olist.br, compartilha informações importantes, que vão fazer a diferença nas suas vendas. Já o Bruno Oltramari, do @tinyerpoficial, leva as melhores práticas de gestão para você ganhar eficiência nos bastidores do e-commerce.

O link está na bio.",https://www.instagram.com/p/Cj3qvUhjfl9
74,,"ID: 2952727774965166373",Cj6MkRhOnEl,olist.br,3568803493,no,0,33,14,"2022-10-19 20:50:02","Busca eficiência no faturamento de pedidos? Conheça quatro passos para emitir notas fiscais eletrônicas na best friday 2022.

#bestfriday22 #omelhordiadoano",https://www.instagram.com/p/Cj6MkRhOnEl
75,,"ID: 2954182484372949266",Cj_XVFOuwkS,olist.br,3568803493,no,0,56,21,"2022-10-21 21:00:16","A @mercosulportasejanelas é cliente olist store desde maio de 2022. Logo no começo da parceria, o time já percebeu como a solução aumenta a competitividade e diversificação dos canais, em um segmento tão específico.

Aqui no olist, somos todos donos, e escutar o sucesso dos nossos lojistas nos faz ter certeza que estamos no caminho certo. 😉💙

Conheça nossas soluções no link da bio @olist.br 
.
.
#competitividade #olist #oliststore #marketplaces #ecommerce",https://www.instagram.com/p/Cj_XVFOuwkS
76,,"ID: 2957083617290860372",CkJq-Hzv7dU,olist.br,3568803493,yes,862,59,31,"2022-10-25 21:05:09","Quais são as tendências e projeções do e-commerce no Brasil? Na última segunda-feira, o CTO do Olist, Bruno Martins, falou sobre o assunto na Jovem Pan News. No quadro “Sociedade Digital”, o CTO reforçou a importância dos marketplaces e dos sistema de gestão para os pequenos e médios empreendedores.

@olist.br @tinyerpoficial e @vndaecommerce formam o ecossistema que é o futuro do e-commerce! Assista à entrevista completa em nosso link na bio! 🗞️ 
.
.
#entrevista #jovempan #news #notícia #ecommerce #tendências",https://www.instagram.com/p/CkJq-Hzv7dU
77,,"ID: 2957804278215903932",CkMO1HmMIq8,olist.br,3568803493,yes,712,42,68,"2022-10-26 20:56:58","Faltam 30 dias para a best friday! ⏰ O melhor dia do ano está chegando, e, nós de @olist.br @tinyerpoficial e @vndaecommerce queremos prepará-lo com as soluções do nosso ecossistema 🚀

Confira o checklist completo e saiba o que fazer no seu negócio. O link está na bio!
.
.
#bestfriday #omelhordiadoano #blackfriday #checklist #ecommerce",https://www.instagram.com/p/CkMO1HmMIq8
78,,"ID: 2959237460785436483",CkRUsq4JRdD,olist.br,3568803493,yes,4163,122,32,"2022-10-28 20:24:07","A Best Friday está chegando e, uma certeza já temos: você vai embalar muitos pedidos! 📦🚚 E para escolher a embalagem perfeita para seus produtos, @olist.br + @magembalagens se juntaram para 03 dicas incríveis!

Já salva esse vídeo e conta nos comentários, o que você já faz por aí no melhor dia do ano? 👇
.
.
#embalagens #bestfriday22 #omelhordiadoano #blackfriday #vendasonline #envios #logística",https://www.instagram.com/p/CkRUsq4JRdD
79,,"ID: 2962140090408214792",CkborfXuaEI,olist.br,3568803493,no,0,99,16,"2022-11-01 20:30:37","No mês de outubro, o aplicativo e a plataforma olist store ganharam novas funcionalidades para garantir que você tenha mais controle e acompanhamento dos seus pedidos e devoluções! 

Confira todas as novidades deste mês! Para mais detalhes, leia nosso artigo no link da bio @olist.br 🚀💙
.
.
#novidades #produto #tecnologia #marketplaces #oliststore",https://www.instagram.com/p/CkborfXuaEI
80,,"ID: 2963318530246034391",Ckf0oC_pcPX,olist.br,3568803493,yes,603,22,5,"2022-11-03 11:32:38","ERP do Tiny + olist store juntos?! Se você já usa essas soluções conectadas, sabe como elas otimizam a rotina dos empreendedores! Agora, se você quer aprender mais sobre essa integração, temos um Tiny Class especial para você! Participe e aprenda a vender como uma loja oficial nos principais marketplaces do Brasil com o olist store e fazer a gestão do seu backoffice no Tiny.

Inscreva-se pelo link da bio @tinyerpoficial 
.
.
#tinyclass #tinyerp #oliststore #olist #educação #integrações #tecnologia",https://www.instagram.com/p/Ckf0oC_pcPX
81,,"ID: 2963580980078765549",CkgwTMcsuXt,olist.br,3568803493,yes,1530,141,15,"2022-11-03 20:14:53","Com o objetivo de nos aproximar cada vez mais dos nossos clientes e trocar experiências, a 1ª edição do Essência aconteceu na última segunda-feira (31), em nosso escritório de Curitiba. Com DNA de tecnologia e coração de varejo, o olist nasceu como uma loja. Por isso, nada mais importante do que aproximar os nossos lojistas da nossa operação.

E assim, juntos, construimos o olist do presente e do futuro!
.
.
#essência #evento #lojistas #marketplaces #olist #oliststore",https://www.instagram.com/p/CkgwTMcsuXt
82,,"ID: 2968619198571086378",Ckyp27EPAIq,olist.br,3568803493,yes,2229,104,35,"2022-11-10 19:05:34","Competitividade, operação inteligente, informações claras e troca de insights: isso é olist store! E quem está dizendo são nossos clientes 🚀

Confira o depoimento de Lucas Bittencourt e Cláudio Vidal, CEO e COO da @xcommecommerce. A empresa vende com olist store desde 2021 e compartilhou sobre a experiência de estar nos principais marketplaces com a nossa solução.

E você, também quer transformar suas vendas com olist? Saiba mais clicando no link da bio!
.
.
#casedesucesso #história #lojista #oliststore #olist #ecommerce",https://www.instagram.com/p/Ckyp27EPAIq
83,,"ID: 2971582556874043861",Ck9LpdjOXHV,olist.br,3568803493,no,0,82,23,"2022-11-14 21:11:07","Você já tem integrações entre plataformas e tecnologias na sua empresa? Essas conexões têm diversos benefícios, entre eles, a agilidade na gestão, controle da operação, logística e estoque, a prevenção de erros e priorização de tarefas. Cada sistema tem suas particularidades, por isso, olist store possui integração com dezenas deles. Confira todos os detalhes em nosso site e otimize seu negócio!
.
.
#integrações #tecnologia #ecommerce #vendasonline #lojavirtual #marketplaces #erp",https://www.instagram.com/p/Ck9LpdjOXHV
84,,"ID: 2972053668338866310",Ck-2xCSvBiG,olist.br,3568803493,yes,744,40,93,"2022-11-15 12:48:04","Contagem regressiva para o melhor dia do ano! A best friday está chegando! 🚀

Aqui no ecossistema @olist.br, os lojistas de olist store, Tiny e Vnda já estão com as ferramentas certas em mãos para ganhar competitividade, eficiência e expandir seus resultados na data mais importante do varejo.

E você, também deseja uma oferta digna de best friday? Acesse o link da bio e conheça as condições especiais para aproveitar nossas soluções.

best friday: o melhor dia do ano, do início ao fim.
.
.
#bestfriday22 #omelhordiadoano",https://www.instagram.com/p/Ck-2xCSvBiG
85,,"ID: 2973042680277398701",ClCXpDcAnSt,olist.br,3568803493,no,0,35,13,"2022-11-16 21:32:07","A sexta-feira mais importante do varejo está chegando 🚀

Para entender as principais tendências da best friday e ajudar você a se preparar, o olist realizou um estudo inédito com clientes e vendedores, e compilou os resultados no Relatório Black Friday 2022. Ficou curioso? Neste post, selecionamos os principais insights, é só arrastar para o lado e conferir!

E tem mais: você pode ter acesso ao relatório completo, com muitas outras informações valiosas. Clique no nosso link da bio e aproveite 😉
.
#omelhordiadoano #bestfriday22 #blackfriday #relatório #tendências #varejo #ecommerce",https://www.instagram.com/p/ClCXpDcAnSt
86,,"ID: 2976655250077772655",ClPNC3Pr-tv,olist.br,3568803493,yes,1129,44,13,"2022-11-21 21:10:25","A Best Friday está chegando! Você está pronto? Nosso cliente Lucas Bittencourt, CEO da @xcommecommerce , falou sobre a importância de se preparar com antecedência para uma das datas mais importantes do varejo - e que vai muito além da sexta-feira.

E tem mais: criamos vários conteúdos e materiais para te ajudar a ter ainda mais sucesso na Best Friday. É só clicar no nosso link da bio 🙂
.
.
#bestfriday22 #omelhordiadoano #históriadesucesso #empreendedor #blackfriday",https://www.instagram.com/p/ClPNC3Pr-tv
87,,"ID: 2977180843722479940",ClREjQeLRlE,olist.br,3568803493,no,0,25,12,"2022-11-22 14:33:54","A Cyber Monday é considerada uma extensão da Best Friday e, neste ano, acontecerá no dia 28 de novembro. Por ser a última data comercial antes do Natal, é uma grande chance de limpar seu estoque e dar aquele ""último gás"" antes da chegada do Papai Noel 😉

Neste post, você vai descobrir mais sobre o potencial da Cyber Monday e ainda ver dicas de como aproveitá-la da melhor maneira. Arraste para o lado e confira!
.
.
#cybermonday #bestfriday22 #omelhordiadoano",https://www.instagram.com/p/ClREjQeLRlE
88,,"ID: 2978733027454468504",ClWlegOJcGY,olist.br,3568803493,yes,661,36,18,"2022-11-24 17:58:04","Cadastrar suas promoções em olist store ficou ainda mais fácil!  Durante todo o ano, você pode aproveitar a otimização da nossa plataforma para ativar campanhas.

Tudo de forma simples e com poucos cliques! Nós também identificamos quais são as campanhas disponíveis para você: Black Friday, Natal, Dia das Mães, Dia dos Namorados, entre tantas oportunidades que os marketplaces oferecem.

Acesse o link em nossa bio @olist.br e conheça tudo sobre olist store 🚀💙
.
.
#promoções #produto #ecommerce #marketplaces #vendasonline #novidade",https://www.instagram.com/p/ClWlegOJcGY
89,,"ID: 2979586045800543277",ClZnbjdpvQt,olist.br,3568803493,yes,3456,253,47,"2022-11-25 22:16:08","A best friday representa de forma completa todos os valores do nosso ecossistema! Nestes dias, mais do que nunca, fazemos acontecer e nos dedicamos em cada detalhe para que nossos clientes e consumidores tenham sucesso, do começo ao fim. 

Cada oferta, cada cadastro, cada negociação, cada ajuste, cada entrega, cada venda e cada minuto importam. Somos gente de verdade, construindo o futuro do e-commerce com @olist.br, @tinyerpoficial, @vndaecommerce, nossos serviços logísticos e tudo o que está por vir! 🚀 

Vamos construir os próximos capítulos juntos?
.
.
#bestfriday22 #omelhordiadoano #oliststore #tinyerp #vndaecommerce #ecommerce",https://www.instagram.com/p/ClZnbjdpvQt
90,,"ID: 2981705902304679128",ClhJbhrjlTY,teamolist,33366921894,yes,2531,164,32,"2022-11-28 20:30:15","Compartilhar cases reais, oferecer networking e conteúdos de alto nível, é o objetivo principal do @productcampbr!

Na última edição do evento, nos reunimos com a @juntosegurosbr para abordar conteúdos sobre: como construir produtos inteligentes e melhores.

Na oportunidade, que foi realizada em nosso escritório de Curitiba, contamos com 150 participantes dispostos a evoluir e aprender cada vez mais. 🚀

Seguimos com o desenvolvimento de soluções que fazem a diferença no mundo e focados na missão de construir uma comunidade de produto cada vez mais forte no Brasil!

#evento #produto #productcamp #productteam #olist #pcamp22",https://www.instagram.com/p/ClhJbhrjlTY
91,,"ID: 2982442011618519751",CljwzU5uSrH,olist.br,3568803493,no,0,74,51,"2022-11-29 20:46:55","Como foram as vendas na best friday e cyber monday no seu negócio? O período mais agitado do ano gera muito resultado para os lojistas do e-commerce. Porém, o maior desafio agora é manter esse saldo positivo e garantir a fidelidade dos clientes de sua marca. Para isso, o pós-venda é essencial!

Confira nossas dicas e garanta um e-commerce campeão! Para conhecer mais sobre @olist.br @tinyerpoficial e @vndaecommerce acesse nosso link na bio 🚀
.
.
#pósvenda #vendasonline #lojavirtual #marketplaces #ecommerce #blackfriday #atendimento #clientes",https://www.instagram.com/p/CljwzU5uSrH
92,,"ID: 2988198227904870965",Cl4NnTEuLo1,olist.br,3568803493,no,0,292,38,"2022-12-07 19:23:29","Como a tecnologia fez diferença no período mais importante do varejo? 

Nossa análise sobre a best friday traz dados importantes. Neste ano, as vendas dos varejistas que anunciam em olist store, nossa loja oficial nos maiores marketplaces, cresceram 20,4% em comparação ao mesmo período de 2021. 

Os números não param por aí! Nesta edição, também vimos o ticket médio crescer e três categorias em destaque: utilidades domésticas, eletrodomésticos e cosméticos. 

Confira a matéria completa no link da bio.

#ecommerce #blackfriday #startup #empreendedorismo #bestfriday22 #jornaloglobo",https://www.instagram.com/p/Cl4NnTEuLo1
93,,"ID: 2988786232029576378",Cl6TT4ls3y6,olist.br,3568803493,no,0,84,102,"2022-12-08 14:51:45","Você é do time que nem percebeu o ano passando? Faltam menos de 20 dias para a chegada do Papai Noel, e é importante que seu negócio esteja preparado.

Confira os dados que mostram como Natal é uma data mágica para o e-commerce, e anote nossas dicas para vender muito!

E tem mais: a Lista de Natal 2022 já está disponível, com os produtos mais vendidos nesta época. São mais de 300 itens listados em um material exclusivo e gratuito. Baixe agora e prepare seu estoque de forma estratégica! O link está na nossa bio 🎅

#Natal2022",https://www.instagram.com/p/Cl6TT4ls3y6
94,,"ID: 2993423843327532949",CmKxyAruN-V,olist.br,3568803493,yes,844,66,38,"2022-12-15 00:27:37","Já pensou em ter gestão empresarial, logística, venda nos marketplaces e e-commerce, tudo em um só ecossistema? Isso é olist.

Lucas Bittencourt e Cláudio Vidal, CEO e COO da Xcomm, são clientes Tiny e olist store, e sabem a importância de ter soluções integradas para facilitar o dia a dia.

Confira o depoimento no vídeo e descubra como ajudamos a acelerar a operação dos nossos clientes!

Quer saber mais? Clique no link da bio e conheça nosso ecossistema de vendas.

#Tinybyolist #oliststore #ecommercebrasil #vendasonline #empreendedorismo",https://www.instagram.com/p/CmKxyAruN-V
95,,"ID: 2994653353078755250",CmPJVu3sQ-y,olist.br,3568803493,yes,893,56,57,"2022-12-16 17:10:29","Como olist store impulsionou a best friday dos nossos clientes?

Leandro Ratz, Gerente Comercial da empresa O Pescador de Ofertas, contou como nossa solução fez a diferença na operação da sexta-feira mais importante do ano, e ainda trouxe insights que podem ajudar as campanhas de venda de outros lojistas, como você.

Confira o depoimento no post!

#blackfridaybrasil #blackfriday2022 #blackfridayweek",https://www.instagram.com/p/CmPJVu3sQ-y
96,,"ID: 2996746521379126932",CmWlRVwsL6U,olist.br,3568803493,no,0,56,243,"2022-12-19 14:27:25","Ter sucesso nas vendas e crescer cada vez mais são seus desejos para 2023? Se sim, saiba que isso é possível com planejamento e organização.

Para ajudar você nessa caminhada, o ecossistema olist criou o Calendário do E-commerce 2023! Nosso material reúne as principais datas do comércio para que você não perca nenhuma oportunidade, além de dicas mensais, sugestões de conteúdos extras e conselhos de especialistas.

O calendário já é tradição, sendo acessado por milhares de lojistas todos os anos. Então não deixe para depois: baixe agora gratuitamente clicando no link da bio! 📅

#olistbr #calendariodoecommerce2023 #ecommerce2023",https://www.instagram.com/p/CmWlRVwsL6U
97,,"ID: 3004735126466589091",Cmy9q2BLfGj,olist.br,3568803493,yes,1373,164,19,"2022-12-30 15:00:07","A temporada 2022 está chegando ao fim, mas, encerramos o ano com a certeza de que foi incrível! Entre muitos desafios, oportunidades e crescimento, pudemos olhar para nosso ecossistema e nos conectar com aquilo que mais importa: nossa essência 💙

Foram avanços no produto, tecnologias, eventos, parcerias e novidades em cada solução que nossa marca entrega. Cada passo até aqui foi importante e, agora, a jornada 2023 já está começando! 🚀

@olist.br 
@tinyerpoficial 
@vndaecommerce 
.
.
#retrospectiva #2022 #2023 #anonovo #ecommerce #gestão #lojavirtual #olist",https://www.instagram.com/p/Cmy9q2BLfGj
98,,"ID: 3009347151701660904",CnDWUpPAtTo,olist.br,3568803493,no,0,52,12,"2023-01-05 23:42:38","Quer um #tbt que vai ajudar no futuro de suas entregas? Não entendeu? Deixa a gente explicar! Trazemos aqui o conteúdo educativo que foi mais lido em nosso blog durante 2022 - e que faz total sentido para você começar o seu ano com a logística do jeito certo! São 45 empresas que atendem empresas de e-commerce para você conhecer. 🚚📦

Acesse pelo link da bio e leia o conteúdo completo.
.
.
#logística #transporte #ecommerce #blog #retrospectiva #educação #fornecedores",https://www.instagram.com/p/CnDWUpPAtTo
99,,"ID: 3012184775478469743",CnNbhgUO-Rv,olist.br,3568803493,no,0,75,8,"2023-01-09 21:40:28","Para vender bem de janeiro a dezembro, é preciso dar o primeiro passo. E nada melhor que os ventos favoráveis de um início de ano para decolar o sucesso do seu negócio. 

Seja no aumento das vendas, na organização da operação ou na escalada de resultados, o ecossistema olist está do seu lado para que o céu não seja o seu limite no e-commerce.

Por isso, em 2023, V.O.E com o olist:

Venda com @vndaecommerce 
Organize com @tinyerpoficial 
Escale com @olist.br 
.
.
#voeolist #voe2023 #ecommerce #marketplaces #olist #vendasonline",https://www.instagram.com/p/CnNbhgUO-Rv
100,,"ID: 3013607486792477014",CnSfAreuSlW,olist.br,3568803493,yes,211,27,0,"2023-01-11 20:47:33","2023 já chegou repleto de oportunidades! Sua empresa está preparada? O Calendário do E-commerce é o material perfeito para apoiar seu planejamento, trazendo as principais datas de vendas do ano, dicas de especialistas e muito mais.

Essa é sua chance de voar ainda mais longe em 2023. Clique no link da bio e baixe agora, é grátis! 📅
.
.
#voeolist #voe2023 #vendasonline #calendário2023 #datascomemorativas",https://www.instagram.com/p/CnSfAreuSlW
