,,Name,"Profile ID",Date,Likes,Stars,Comment,URL,"Profile Image"
1,,olist,"ID: 919947288018672","2022-09-20 21:27:00",0,,"Acompanhar os produtos em falta no estoque do seu negócio garante que não sejam vendidos itens que não poderão ser entregues algo que impacta diretamente sua credibilidade com os clientes. Para que você possa ter um bom planejamento de reposição destes itens, é importante saber o motivo da falta de estoque.Agora, em sua tela de produtos, você verá uma sessão de itens sem estoque para que saiba quantas mercadorias estão em falta. Essa área estará em destaque ao lado dos produtos disponíveis para venda.Além disso, ao zerar um produto em seu estoque, agora é possível preencher o motivo da falta do item, seja porque saiu de linha, por falta de produto no fornecedor, falta de capital ou outro motivo. Assim, fica mais fácil controlar e identificar quais produtos terão reposição e se planejar. Vem conhecer mais sobre a nossa plataforma, acesse o link na bio.#ecommerce #empreendedorismo #vendanainternet #vendasonline #plataformadeecommerce",https://www.exportcomments.com/done/9e18884e-b6ca-491e-b94e-f58d4c15e1e6/preview/,
2,,olist,"ID: 919947288018672","2022-09-24 14:03:24",0,,"Que as vendas pela internet vieram para ficar você já sabe, mas você também sabe como se destacar e atrair clientes para o melhor dia do ano? Para sair na frente dos seus concorrentes e garantir ótimos resultados nas vendas é fundamental começar a se preparar desde já. Portanto, além de acertar na precificação dos seus produtos, pensar em estratégias de atração de clientes é essencial. Com a inteligência de olist store, você consegue direcionar seus produtos de acordo com cada segmento e nicho dentro dos marketplaces, contando com grande visibilidade da nossa loja oficial. Conheça mais no link da bio.",https://www.exportcomments.com/done/9e18884e-b6ca-491e-b94e-f58d4c15e1e6/preview/,
3,,olist,"ID: 919947288018672","2022-09-30 18:20:06",0,,"O que os consumidores mais procuram na best friday? PREÇO! 💰🤑 A precificação dos produtos anunciados precisa de atenção e muito cuidado. Afinal, o lojista deve vender com qualidade e proporcionar uma excelente experiência para quem compra. O olist store, além de ter ferramentas para trazer preços competitivos, oferece alta reputação e gera oportunidade para vender em mais canais nos marketplaces.🚀 Ganhe competitividade no #omelhordiadoano. Aumente o seu potencial de vendas na best friday com olist store. Acesse o link na bio! @olist.br ..#bestfriday #melhordiadoano #blackfriday2022 #ecommerce #precificacao #promoções",https://www.exportcomments.com/done/9e18884e-b6ca-491e-b94e-f58d4c15e1e6/preview/,
4,,olist,"ID: 919947288018672","2022-10-03 21:15:24",0,,"Quer entender como ter uma operação de vendas robusta e tecnológica na melhor sexta-feira do ano? 🤓 Preparamos um guia COMPLETO e GRATUITO para os lojistas conhecerem e aperfeiçoarem as estratégias para a best friday! Então, já salva esse post para não esquecer! Confira todas informações, dicas e lista para ter sucesso nas vendas! Acesse o guia no link da bio.🚀..#bestfriday22 #omelhordiadoano #blackfriday #vendasonline #marketplaces #ecommerce #dicasecommerce #materialgratuito #guia",https://www.exportcomments.com/done/9e18884e-b6ca-491e-b94e-f58d4c15e1e6/preview/,
5,,olist,"ID: 919947288018672","2022-10-07 20:29:43",0,,"Com a Copa do Mundo chegando, as vendas online no mês de novembro certamente vão aumentar! Inclusive, as categorias de Eletrônicos, Supermercado e Bebidas estão entre as que devem ter maior crescimento. Para ajudar você a aproveitar todo esse potencial, o olist reuniu nesta lista 400 produtos que têm altas chances de venda na data. São itens de 11 categorias diferentes, com grande relevância no e-commerce brasileiro.Faça o download da sua lista gratuita no link da bio: @olist.br e @tinyerpoficial ..#bestfriday22 #omelhordiadoano #blackfriday #olist #tinyerp #vndaecommerce",https://www.exportcomments.com/done/9e18884e-b6ca-491e-b94e-f58d4c15e1e6/preview/,
6,,olist,"ID: 919947288018672","2022-10-07 20:30:57",0,,"Com a Copa do Mundo chegando, as vendas online no mês de novembro certamente vão aumentar! Inclusive, as categorias de Eletrônicos, Supermercado e Bebidas estão entre as que devem ter maior crescimento. Para ajudar você a aproveitar todo esse potencial, o olist reuniu nesta lista 400 produtos que têm altas chances de venda na data. São itens de 11 categorias diferentes, com grande relevância no e-commerce brasileiro.Faça o download da sua lista gratuita no link da bio: @olist.br ou @tinyerpoficial ..#bestfriday22 #omelhordiadoano #blackfriday #olist #tinyerp #vndaecommerce",https://www.exportcomments.com/done/9e18884e-b6ca-491e-b94e-f58d4c15e1e6/preview/,
7,,olist,"ID: 919947288018672","2022-10-14 17:12:54",0,,"Para o sucesso da sua best friday, foque na criação de anúncios incríveis para os seus produtos. Olist e Tiny trazem esse guia prático para ajudar você nesta missão.Sabia que você pode conectar olist store e Tiny ERP para ganhar mais eficiência e competitividade com seus anúncios? Conheça nossas soluções integradas pelo link da bio @tinyerpoficial e @olist.br ..#bestfriday22  #omelhordiadoano #blackfriday #anúncios #promoções #marketplaces #vendasonline",https://www.exportcomments.com/done/9e18884e-b6ca-491e-b94e-f58d4c15e1e6/preview/,
8,,olist,"ID: 919947288018672","2022-10-19 20:50:09",0,,"Busca eficiência no faturamento de pedidos? Conheça quatro passos para emitir notas fiscais eletrônicas na best friday 2022.#bestfriday22 #omelhordiadoano",https://www.exportcomments.com/done/9e18884e-b6ca-491e-b94e-f58d4c15e1e6/preview/,
9,,olist,"ID: 919947288018672","2022-10-21 21:00:22",0,,"A @mercosulportasejanelas é cliente olist store desde maio de 2022. Logo no começo da parceria, o time já percebeu como a solução aumenta a competitividade e diversificação dos canais, em um segmento tão específico.Aqui no olist, somos todos donos, e escutar o sucesso dos nossos lojistas nos faz ter certeza que estamos no caminho certo. 😉💙Conheça nossas soluções no link da bio @olist.br ..#competitividade #olist #oliststore #marketplaces #ecommerce",https://www.exportcomments.com/done/9e18884e-b6ca-491e-b94e-f58d4c15e1e6/preview/,
10,,olist,"ID: 919947288018672","2022-11-14 21:11:12",0,,"Você já tem integrações entre plataformas e tecnologias na sua empresa? Essas conexões têm diversos benefícios, entre eles, a agilidade na gestão, controle da operação, logística e estoque, a prevenção de erros e priorização de tarefas. Cada sistema tem suas particularidades, por isso, olist store possui integração com dezenas deles. Confira todos os detalhes em nosso site e otimize seu negócio!..#integrações #tecnologia #ecommerce #vendasonline #lojavirtual #marketplaces #erp",https://www.exportcomments.com/done/9e18884e-b6ca-491e-b94e-f58d4c15e1e6/preview/,
11,,olist,"ID: 919947288018672","2022-11-16 21:32:12",0,,"A sexta-feira mais importante do varejo está chegando 🚀Para entender as principais tendências da best friday e ajudar você a se preparar, o olist realizou um estudo inédito com clientes e vendedores, e compilou os resultados no Relatório Black Friday 2022. Ficou curioso? Neste post, selecionamos os principais insights, é só arrastar para o lado e conferir!E tem mais: você pode ter acesso ao relatório completo, com muitas outras informações valiosas. Clique no nosso link da bio e aproveite 😉.#omelhordiadoano #bestfriday22 #blackfriday #relatório #tendências #varejo #ecommerce",https://www.exportcomments.com/done/9e18884e-b6ca-491e-b94e-f58d4c15e1e6/preview/,
12,,olist,"ID: 919947288018672","2022-11-21 21:41:23",0,,"A Best Friday está chegando! Você está pronto?Nosso cliente Lucas Bittencourt, CEO da Xcomm Importadora e Ecommerce, falou sobre a importância de se preparar com antecedência para uma das datas mais importantes do varejo - e que vai muito além da sexta-feira.E tem mais: criamos vários conteúdos e materiais para te ajudar a ter ainda mais sucesso na Best Friday. É só clicar no nosso link: http://bit.ly/3UVFeSB..#bestfriday22 #omelhordiadoano #blackfriday #história #empreendedorismo",https://www.exportcomments.com/done/9e18884e-b6ca-491e-b94e-f58d4c15e1e6/preview/,
13,,olist,"ID: 919947288018672","2022-11-22 14:34:00",0,,"A Cyber Monday é considerada uma extensão da Best Friday e, neste ano, acontecerá no dia 28 de novembro. Por ser a última data comercial antes do Natal, é uma grande chance de limpar seu estoque e dar aquele ""último gás"" antes da chegada do Papai Noel 😉Neste post, você vai descobrir mais sobre o potencial da Cyber Monday e ainda ver dicas de como aproveitá-la da melhor maneira. Arraste para o lado e confira!..#cybermonday #bestfriday22 #omelhordiadoano",https://www.exportcomments.com/done/9e18884e-b6ca-491e-b94e-f58d4c15e1e6/preview/,
14,,olist,"ID: 919947288018672","2022-11-29 20:47:00",0,,"Como foram as vendas na best friday e cyber monday no seu negócio? O período mais agitado do ano, gera muito resultado para os lojistas do e-commerce. Porém, o maior desafio agora é manter esse saldo positivo e garantir a fidelidade dos clientes de sua marca. Para isso, o pós-venda é essencial!Confira nossas dicas e garanta um e-commerce campeão! Para conhecer mais sobre @olist.br @tinyerpoficial e @vndaecommerce acesse nosso link na bio 🚀..#pósvenda #vendasonline #lojavirtual #marketplaces #ecommerce #blackfriday #atendimento #clientes",https://www.exportcomments.com/done/9e18884e-b6ca-491e-b94e-f58d4c15e1e6/preview/,
15,,olist,"ID: 919947288018672","2022-12-07 19:23:33",0,,"Como a tecnologia fez diferença no período mais importante do varejo? Nossa análise sobre a best friday traz dados importantes. Neste ano, as vendas dos varejistas que anunciam em olist store, nossa loja oficial nos maiores marketplaces, crescerem 20,4% em comparação ao mesmo período de 2021. Os números não param por aí! Nesta edição, também vimos o ticket médio crescer e três categorias em destaque: utilidades domésticas, eletrodomésticos e cosméticos. Confira a matéria completa no link da bio.#ecommerce #blackfriday #startup #empreendedorismo #bestfriday22 #jornaloglobo",https://www.exportcomments.com/done/9e18884e-b6ca-491e-b94e-f58d4c15e1e6/preview/,
16,,olist,"ID: 919947288018672","2022-12-08 14:51:42",0,,"Você é do time que nem percebeu o ano passando? Faltam menos de 20 dias para a chegada do Papai Noel, e é importante que seu negócio esteja preparado.Confira os dados que mostram como Natal é uma data mágica para o e-commerce, e anote nossas dicas para vender muito!E tem mais: a Lista de Natal 2022 já está disponível, com os produtos mais vendidos nesta época. São mais de 300 itens listados em um material exclusivo e gratuito. Baixe agora https://bit.ly/3FBOHJy e prepare seu estoque de forma estratégica! #Natal2022",https://www.exportcomments.com/done/9e18884e-b6ca-491e-b94e-f58d4c15e1e6/preview/,
17,,olist,"ID: 919947288018672","2022-12-16 17:23:48",0,,"Como olist store impulsionou a best friday dos nossos clientes?Leandro Ratz, Gerente Comercial da empresa O Pescador de Ofertas, contou como nossa solução fez a diferença na operação da sexta-feira mais importante do ano, e ainda trouxe insights que podem ajudar as campanhas de venda de outros lojistas, como você. Confira o depoimento no post!",https://www.exportcomments.com/done/9e18884e-b6ca-491e-b94e-f58d4c15e1e6/preview/,
18,,olist,"ID: 919947288018672","2022-12-19 14:27:24",0,,"Ter sucesso nas vendas e crescer cada vez mais são seus desejos para 2023? Se sim, saiba que isso é possível com planejamento e organização.Para ajudar você nessa caminhada, o ecossistema olist criou o Calendário do E-commerce 2023! Nosso material reúne as principais datas do comércio para que você não perca nenhuma oportunidade, além de dicas mensais, sugestões de conteúdos extras e conselhos de especialistas.O calendário já é tradição, sendo acessado por milhares de lojistas todos os anos. Então não deixe para depois: baixe agora gratuitamente: https://bit.ly/3jh5PeZ",https://www.exportcomments.com/done/9e18884e-b6ca-491e-b94e-f58d4c15e1e6/preview/,
19,,olist,"ID: 919947288018672","2022-12-30 14:53:03",0,,"A temporada 2022 está chegando ao fim, mas, encerramos o ano com a certeza de que foi incrível! Entre muitos desafios, oportunidades e crescimento, pudemos olhar para nosso ecossistema e nos conectar com aquilo que mais importa: nossa essência 💙Foram avanços no produto, tecnologias, eventos, parcerias e novidades em cada solução que nossa marca entrega. Cada passo até aqui foi importante e, agora, a jornada 2023 já está começando! 🚀🚀..#retrospectiva #2022 #2023 #anonovo #ecommerce #gestão #lojavirtual #olist",https://www.exportcomments.com/done/9e18884e-b6ca-491e-b94e-f58d4c15e1e6/preview/,
20,,olist,"ID: 919947288018672","2023-01-09 21:37:28",0,,"Para vender bem de janeiro a dezembro, é preciso dar o primeiro passo. E nada melhor que os ventos favoráveis de um início de ano para decolar o sucesso do seu negócio. Seja no aumento das vendas, na organização da operação ou na escalada de resultados, o olist está do seu lado para que o céu não seja o seu limite no e-commerce. Por isso, em 2023, V.O.E com o olist: Venda com Vnda Ecommerce Organize com Tiny ERP Escale com olist Clique e descubra: https://bit.ly/3GOdjPH..#voeolist #voe2023 #ecommerce #marketplaces #olist #vendasonline",https://www.exportcomments.com/done/9e18884e-b6ca-491e-b94e-f58d4c15e1e6/preview/,
21,,olist,"ID: 919947288018672","2023-01-09 21:54:37",0,,,https://www.exportcomments.com/done/9e18884e-b6ca-491e-b94e-f58d4c15e1e6/preview/,
