,Comentarios
0,comment
1,i received well deadline stipulated n
2,congratulations xc xa ns lannister stores i loved shopping online safe pr ​​xc xa tico congratulations xc xa ns happy xc xa scoa n
3,efficient device website brand device printed disinfector arrives another name update correct brand since xc x device n
4,"little slowing value , 's good n"
5,n
6,seller confi xc xa vel product ok delivery deadline n
7,i would like know always received purchase disappointed n
8,xc xa ssimo n
9,store note n
10,thanks attention xc xx waived n
11,purchase made easily n
12,delivery made much earlier deadline given n
13,product xc xa come xc xa used xc xa present n
14,problem n
15,rel xc xb gio nice cheap n
16,xc x i liked i bought pig poke n
17,"i always buy online , delivery takes place agreed deadline , i believe deadline xc xa ximo stark deadline xc xa ximo xc xa run yet xc xa i received product"
18,i received exactly i expected orders sellers delayed one arrived time n
19,i n't recommend
20,good n
21,xc xb completely love super responsive store xc xa vel confi xc xa vel n
22,arrival order n
23,good fragrant n
24,great seller arrived deadline i loved product n
25,efficient smooth purchasing process n
26,i hope lasts xc xa de pelinho n
27,i received n-style split midea control
28,remote control air conditioning consul n miss
29,good n
30,mt lindo n
31,everything occurred contracted delivery carried deadline n
32,i 'm satisfied n
33,n
34,"i loved , beautiful , delicate , i loved n"
35,xc x tima store partnership xc xa pid xc xadssima quality well packaged products xc xb cost shipping bit sour n
36,recommend seller n
37,product xc xa arrived within stipulated period caused inconvenience i scheduled son 's trip xc xa rias based deadline i live bahia cuiab xc xa alone house xc xa empty n
38,product delivered requested quickly parab xc xa ns n
39,n
40,bought two units xc xb received one fa xc xa n
41,good product xc xa came xc xa matches photo xc xbancio n
42,inferior product poorly finished n
43,xc xc dog patrol backpack kit beautiful grandson love thank
44,wonder
45,non-expedited deliveri
46,fulfilled promised purchase timely delivery satisfat xc xb rio n
47,asked refund response xc x moment n
48,super xc order n
49,satisfied n
50,n
51,congratulations station always arrives early n
52,n
53,thank much n
54,ok i recommend
55,product arrived pc xc xa able recognize usb ports n
56,good quality product arrived promised time n
57,requested n
58,bucket pe xc x building blocks one xc x delivered n
59,sold delivered targaryen n
60,eva carpet xc xba letters pe xc xa children xc xa un delivered n
61,delivery lot xc x pida n
62,parab xc xa ns n
63,i bought three packs five sheets transfer paper dark fabric i received two n
64,i missing one product i received today thank much n
65,right n
66,n
67,n
68,n
69,elenice n
70,purse xc xa rmica al xc x linda xc xa super espa xc xa osa product advertised delivery super xc xa pida delivered well deadline n
71,took long deliver n
72,super fast delivery arrived date n
73,delivery divided two xc x communication store i thought xc xb sent part product n
74,xc xa works xc xa sync n
75,i recommend customers n
76,i lik
77,abducts n
78,i really liked floral print bath set embroidered everything pretty xc x great product n
79,one piece arrived xc xc warranty note contains two jewels n
80,i xc x received product appears system i received al xc x pay dearly freight n
81,i bought rel xc xb gio unisex sent rel xc xb gio female much smaller specifications xc xa xc xb es xc xbancio n
82,i always buy lannister xc x best online store n
83,excellent quality product n
84,xc x timo custo benef xc xadcio n
85,ok n
86,i liked aten xc xa xc xa delivery n
87,glass would broken came box without protection xc xa xc xa inside box dented sorry i like buy guy
88,n
89,pe xc xa xc xa serviu n
90,i bought product february day today march day xc xa delivered residence xc xaancia xc xa i know post office brazil p xc xa ssimo xc xb store took post n
91,i made purchase days ago xc x i still received product n
92,need improve deliveries n
93,hope receive week xc xa would xc xa fancy xc xa later would make give baratheon n
94,delivered time i happy purchase i made n
95,beautiful rel xc xb gio i loved n
96,i bought two pendant chandeliers targaryen partner xc xb i sent chandelier i opened complaint xc xa xc xa still xc xa i received answer i 'm waiting solution xc xa xc xa lannister stores n
97,good high quality n
98,beautiful product delivered well worth within deadline i recommend n
99,good n
100,lack product ones i received came broken n
